C.37.1,B.1.1.7,B.1.1.420,Q.2,B.1.351,P.1,B.1.177,B.1.177.32,B.1.2,B.1.617.2,AY.4,AY.42,AY.43,AY.53,AY.73,AY.94,AY.122,AY.124,AY.126,BA.1,BA.1.1,BA.1.1.1,BA.1.1.14,BA.1.8,BA.1.15,BA.1.17,BA.1.17.2,BA.2,BA.2.3,BA.2.3.15,BA.2.6,BA.2.12,BA.2.12.1,BA.2.9,BA.2.9.3,BA.2.18,BA.2.23,BA.2.35,BA.2.36,BA.2.37,BA.2.54,BA.2.56,BA.2.65,BA.2.71,BA.2.75,BA.4,BA.4.1,BA.5,BA.5.1,BA.5.1.3,BA.5.2,BA.5.2.1,BA.5.3,BE.1,BE.1.1,XE,BF.4,BF.5
,,,,,,,,,,,,,,,,,,,,,,,,,,,,,,,,,,,,,,,,A1S,,,,,,,,,,,,,,,,,
,,,,,,,,,,,,,,,,,,,,,,,,,,,,,,,,,,,,,,,,,,,,,,V3G,,,,,,,,,,,
,,L18F,,,L18F,,,,,,,,,,,,,,,,,,,,,,,,,,,,,,,,,,,,,,,,,,,,,,,,,,,,
,,,,,,,,,T19R,T19R,T19R,T19R,T19R,T19R,T19R,T19R,T19R,T19R,,,,,,,,,T19I,T19I,T19I,T19I,T19I,T19I,T19I,T19I,T19I,T19I,T19I,T19I,T19I,T19I,T19I,T19I,T19I,T19I,T19I,T19I,T19I,T19I,T19I,T19I,T19I,T19I,T19I,T19I,T19I,T19I,T19I
,,,,,,,,,,,,,,,,,,,,,,,,,,,L24-,L24-,L24-,L24-,L24-,L24-,L24-,L24-,L24-,L24-,L24-,L24-,L24-,L24-,L24-,L24-,L24-,L24S,L24-,L24-,L24-,L24-,L24-,L24-,L24-,L24-,L24-,L24-,L24S,L24S,L24S
,,,,,,,,,,,,,,,,,,,,,,,,,,,P25-,P25-,P25-,P25-,P25-,P25-,P25-,P25-,P25-,P25-,P25-,P25-,P25-,P25-,P25-,P25-,P25-,P25-,P25-,P25-,P25-,P25-,P25-,P25-,P25-,P25-,P25-,P25-,P25-,P25-,P25-
,,,,,P26S,,,,,,,,,,,,,,,,,,,,,,P26-,P26-,P26-,P26-,P26-,P26-,P26-,P26-,P26-,P26-,P26-,P26-,P26-,P26-,P26-,P26-,P26-,P26-,P26-,P26-,P26-,P26-,P26-,P26-,P26-,P26-,P26-,P26-,P26-,P26-,P26-
,,,,,,,,,,,,,,,,,,,,,,,,,,,A27S,A27S,A27S,A27S,A27S,A27S,A27S,A27S,A27S,A27S,A27S,A27S,A27S,A27S,A27S,A27S,A27S,A27S,A27S,A27S,A27S,A27S,A27S,A27S,A27S,A27S,A27S,A27S,A27S,A27S,A27S
,,,,,,,,,,,,,,,,,,,,,,,,,,,,,,,,,,W64R,,,,,,,,,W64R,,,,,,,,,,,,,,
,,,,,,,,,,,,,,,,,,,A67V,A67V,A67V,A67V,A67V,A67V,A67V,A67V,,,,,,,,,,,,,,,,,,,,,,,,,,,,,,,
,,,,,,,,,,,,,,,,,,,,,,,,,,,,,,,,,,,,,,I68T,,,,,,,,,,,,,,,,,,,
,H69-,,H69-,,,,,,,,,,,,,,,,H69-,H69-,H69-,H69-,H69-,H69-,H69-,H69-,,,,,,,,,,,,,,,,,,,H69-,H69-,H69-,H69-,H69-,H69-,H69-,H69-,H69-,H69-,,H69-,H69-
,V70-,,V70-,,,,,,,,,,,,,,,,V70I,V70I,V70I,V70I,V70I,V70I,V70I,V70I,,,,,,,,,,,,,,,,,,,V70I,V70I,V70I,V70I,V70I,V70I,V70I,V70I,V70I,V70I,,V70I,V70I
G75V,,,,,,,,,,,,,,,,,,,,,,,,,,,,,,,,,,,,,,,,,,,,,,,,,,,,,,,,,
T76I,,,,,,,,,,,,,,,,,,,,,,,,,,,,,,,,,,,,,,,,,,,,,,,,,,,,,,,,,
,,,,D80A,,,,,,,,,,,,,,,,,,,,,,,,,,,,,,,,,,,,,,,,,,,,,,,,,,,,,
,,,,,,,,,,T95I,,,,,,,T95I,T95I,T95I,T95I,T95I,T95I,T95I,T95I,T95I,T95I,,,,,,,,,,,,,,,,,,,,,,,,,,,,,,,
,,,,,D138Y,,,,,,,,,,,,,,,,,,,,,,,,,,,,,,,,,,,,,,,,,,,,,,,,,,,,
,,,,,,,,,G142D,,,,G142D,,,,,,G142D,G142D,G142D,G142D,G142D,G142D,G142D,G142D,G142D,G142D,G142D,G142D,G142D,G142D,G142D,G142D,G142D,G142D,G142D,G142D,G142D,G142D,G142D,G142D,G142D,,G142D,G142D,G142D,G142D,G142D,G142D,G142D,G142D,G142D,G142D,G142D,G142D,G142D
,,,,,,,,,,,,,,,,,,,V143-,V143-,V143-,V143-,V143-,V143-,V143-,V143-,,,,,,,,,,,,,,,,,,,,,,,,,,,,,,,
,Y144-,,Y144-,,,,,,,,,,,,,,,,Y144-,Y144-,Y144-,Y144-,Y144-,Y144-,Y144-,Y144-,,,,,,,,,,,,,,,,,,,,,,,,,,,,,,,
,,,,,,,,,,,,,,,,,,,Y145D,Y145D,Y145D,Y145D,Y145D,Y145D,Y145D,Y145D,,,,,,,,,,,,,,,,,,,,,,,,,,,,,,,
,,,,,,,,,,,,,,,,,,,,,,,,,,,,,,,,,,,,,,,,,,,,K147E,,,,,,,,,,,,,
,,,,,,,,,,,,,,,,,,,,,,,,,,,,,,,,,,,,,,,,,,,,W152R,,,,,,,,,,,,,
,,,,,,,,,E156-,E156-,E156-,E156-,E156-,E156-,E156-,E156-,E156-,E156-,,,,,,,,,,,,,,,,,,,,,,,,,,,,,,,,,,,,,,,
,,,,,,,,,F157-,F157-,F157-,F157-,F157-,F157-,F157-,F157-,F157-,F157-,,,,,,,,,,,,,,,,,,,,,,,,,,F157L,,,,,,,,,,,,,
,,,,,,,,,R158G,R158G,R158G,R158G,R158G,R158G,R158G,R158G,R158G,R158G,,,,,,,,,,,,,,,,,,,,,,,,,,,,,,,,,,,,,,,
,,,,,R190S,,,,,,,,,,,,,,,,,,,,,,,,,,,,,,,,,,,,,,,I210V,,,,,,,,,,,,,
,,,,,,,,,,,,,,,,,,,N211I,N211I,N211I,N211I,N211I,N211I,N211I,N211I,,,,,,,,,,,,,,,,,,,,,,,,,,,,,,,
,,,,,,,,,,,,,,,,,,,L212I,L212I,L212I,L212I,L212I,L212I,L212I,L212I,,,,,,,,,,,,,,,,,,,,,,,,,,,,,,,
,,,,,,,,,,,,,,,,,,,,,,,,,,,V213G,V213G,V213G,V213G,V213G,V213G,V213G,V213G,V213G,V213G,V213G,V213G,V213G,V213G,V213G,V213G,V213G,V213G,V213G,V213G,V213G,V213G,V213G,V213G,V213G,V213G,V213G,V213G,V213G,V213G,V213G
,,,,D215G,,,,,,,,,,,,,,,,,,,,,,,,,,,,,,,,,,,,,,,,,,,,,,,,,,,,,
,,,,,,A222V,A222V,,,,,,,A222V,,,,,,,,,,,,,,,,,,,,,,,,,,,,,,,,,,,,,,,,,,,
,,,,L241-,,,,,,,,,,,,,,,,,,,,,,,,,,,,,,,,,,,,Y248S,,,,,,,,,,,,,,,,,
,,,,L242-,,,,,,,,,,,,,,,,,,,,,,,,,,,,,,,,,,,,,,,,G257S,,,,,,,,,,,,,
,,,,A243-,,,,,,,,,,,,,,,,,,,,,,,,,,,,,,,,,,,,,,,,,,,,,,,,,,,,T259A,
del247-253,,,,,,,,,,,,,,,,,,,,,,,,,,,,,,,,,,,,,,,,,,,,,,,,,,,,,,,,,
,,,,,,,,,,,,,,,,,,,,,,,,,,,,,,,,,,,,,,,,,,,,,,,,,,,,,,,,,
,,,,,,,,,,,,,,,,,,,,,,,,,,,,,,,,,,,,,,,,,,,,,,,,,V289I,,,,,,,,
,,,,,,,,,,,,,,,,,,,G339D,G339D,G339D,G339D,G339D,G339D,G339D,G339D,G339D,G339D,G339D,G339D,G339D,G339D,G339D,G339D,G339D,G339D,G339D,G339D,G339D,G339D,G339D,G339D,G339D,G339H,G339D,G339D,G339D,G339D,G339D,G339D,G339D,G339D,G339D,G339D,G339D,G339D,G339D
,,,,,,,,,,,,,,,,,,,,R346K,R346K,R346K,,,,,,,,,,,,,,,,,,,,,,,,,,,,,,,,,,,
,,,,,,,,,,,,,,,,,,,S371L,S371L,S371L,S371L,S371L,S371L,S371L,S371L,S371F,S371F,S371F,S371F,S371F,S371F,S371F,S371F,S371F,S371F,S371F,S371F,S371F,S371F,S371F,S371F,S371F,S371F,S371F,S371F,S371F,S371F,S371F,S371F,S371F,S371F,S371F,S371F,S371F,S371F,S371F
,,,,,,,,,,,,,,,,,,,S373P,S373P,S373P,S373P,S373P,S373P,S373P,S373P,S373P,S373P,S373P,S373P,S373P,S373P,S373P,S373P,S373P,S373P,S373P,S373P,S373P,S373P,S373P,S373P,S373P,S373P,S373P,S373P,S373P,S373P,S373P,S373P,S373P,S373P,S373P,S373P,S373P,S373P,S373P
,,,,,,,,,,,,,,,,,,,S375F,S375F,S375F,S375F,S375F,S375F,S375F,S375F,S375F,S375F,S375F,S375F,S375F,S375F,S375F,S375F,S375F,S375F,S375F,S375F,S375F,S375F,S375F,S375F,S375F,S375F,S375F,S375F,S375F,S375F,S375F,S375F,S375F,S375F,S375F,S375F,S375F,S375F,S375F
,,,,,,,,,,,,,,,,,,,,,,,,,,,T376A,T376A,T376A,T376A,T376A,T376A,T376A,T376A,T376A,T376A,T376A,T376A,T376A,T376A,T376A,T376A,T376A,T376A,T376A,T376A,T376A,T376A,T376A,T376A,T376A,T376A,T376A,T376A,T376A,T376A,T376A
,,,,,,,,,,,,,,,,,,,,,,,,,,,D405N,D405N,D405N,D405N,D405N,D405N,D405N,D405N,D405N,D405N,D405N,D405N,D405N,D405N,D405N,D405N,D405N,D405N,D405N,D405N,D405N,D405N,D405N,D405N,D405N,D405N,D405N,D405N,D405N,D405N,D405N
,,,,,,,,,,,,,,,,,,,,,,,,,,,R408S,R408S,R408S,R408S,R408S,R408S,R408S,R408S,R408S,R408S,R408S,R408S,R408S,R408S,R408S,R408S,R408S,R408S,R408S,R408S,R408S,R408S,R408S,R408S,R408S,R408S,R408S,R408S,R408S,R408S,R408S
,,,,K417N,K417T,,,,K417N,,,,K417N,,,,,,K417N,,,,,,,,K417N,K417N,K417N,K417N,K417N,K417N,K417N,K417N,K417T,K417N,K417N,K417N,K417N,K417N,K417N,K417N,K417N,K417N,K417N,K417N,K417N,K417N,K417N,K417N,K417N,K417N,K417N,K417N,K417N,K417N,K417N
,,,,,,,,,,,,,,,,,,,N440K,,,,N440K,,,,N440K,N440K,N440K,N440K,N440K,N440K,N440K,N440K,N440K,N440K,N440K,N440K,N440K,N440K,N440K,N440K,N440K,N440K,N440K,N440K,N440K,N440K,N440K,N440K,N440K,N440K,N440K,N440K,N440K,N440K,N440K
,,,,,,,,,,,,,,,,,,,G446S,G446S,,,G446S,,,,,,,,,,,,,,,,,,,,,G446S,,,,,,,,,,,,,
L452Q,,,,,,,,,L452R,L452R,L452R,L452R,L452R,L452R,L452R,L452R,L452R,L452R,,,,,,,,,,,,,,L452Q,,,,,L452R,,,,L452M,,,,L452R,L452R,L452R,L452R,L452R,L452R,L452R,L452R,L452R,L452R,,L452R,L452R
,,,,,,,,,,,,,,,,,,,,,,,,,,,,,,,,,,,,,,,,,,,,N460K,,,,,,,,,,,,,
,,,,,,,,,,,,,,,,,,,S477N,S477N,S477N,S477N,S477N,S477N,S477N,S477N,S477N,S477N,S477N,S477N,S477N,S477N,S477N,S477N,S477N,S477N,S477N,S477N,S477N,S477N,S477N,S477N,S477N,S477N,S477N,S477N,S477N,S477N,S477N,S477N,S477N,S477N,S477N,S477N,S477N,S477N,S477N
,,,,,,,,,T478K,T478K,T478K,T478K,T478K,T478K,T478K,T478K,T478K,T478K,T478K,T478K,T478K,T478K,T478K,T478K,T478K,T478K,T478K,T478K,T478K,T478K,T478K,T478K,T478K,T478K,T478K,T478K,T478K,T478K,T478K,T478K,T478K,T478K,T478K,T478K,T478K,T478K,T478K,T478K,T478K,T478K,T478K,T478K,T478K,T478K,T478K,T478K,T478K
,,,,E484K,E484K,,,,,,,,,,,,,,E484A,E484A,E484A,E484A,E484A,E484A,E484A,E484A,E484A,E484A,E484A,E484A,E484A,E484A,E484A,E484A,E484A,E484A,E484A,E484A,E484A,E484A,E484A,E484A,E484A,E484A,E484A,E484A,E484A,E484A,E484A,E484A,E484A,E484A,E484A,E484A,E484A,E484A,E484A
,,,,,,,,,,,,,,,,,,,,,,,,,,,,,,,,,,,,,,,,,,,,,F486V,F486V,F486V,F486V,F486V,F486V,F486V,F486V,F486V,F486V,,F486V,F486V
F490S,,,,,,,,,,,,,,,,,,,,,,,,,,,,,,,,,,,,,,,,,,,,,,,,,,,,,,,,,
,,,,,,,,,,,,,,,,,,,Q493R,Q493R,Q493R,Q493R,Q493R,Q493R,Q493R,Q493R,Q493R,Q493R,Q493R,Q493R,Q493R,Q493R,Q493R,Q493R,Q493R,Q493R,Q493R,Q493R,Q493R,Q493R,Q493R,Q493R,Q493R,,,,,,,,,,,,Q493R,,
,,,,,,,,,,,,,,,,,,,G496S,G496S,G496S,G496S,G496S,G496S,G496S,G496S,,,,,,,,,,,,,,,,,,,,,,,,,,,,,,,
,,,,,,,,,,,,,,,,,,,Q498R,Q498R,Q498R,Q498R,Q498R,Q498R,Q498R,Q498R,Q498R,Q498R,Q498R,Q498R,Q498R,Q498R,Q498R,Q498R,Q498R,Q498R,Q498R,Q498R,Q498R,Q498R,Q498R,Q498R,Q498R,Q498R,Q498R,Q498R,Q498R,Q498R,Q498R,Q498R,Q498R,Q498R,Q498R,Q498R,Q498R,Q498R,Q498R
,N501Y,,N501Y,N501Y,N501Y,,,,,,,,,,,,,,N501Y,N501Y,N501Y,N501Y,N501Y,N501Y,N501Y,N501Y,N501Y,N501Y,N501Y,N501Y,N501Y,N501Y,N501Y,N501Y,N501Y,N501Y,N501Y,N501Y,N501Y,N501Y,N501Y,N501Y,N501Y,N501Y,N501Y,N501Y,N501Y,N501Y,N501Y,N501Y,N501Y,N501Y,N501Y,N501Y,N501Y,N501Y,N501Y
,,,,,,,,,,,,,,,,,,,Y505H,Y505H,Y505H,Y505H,Y505H,Y505H,Y505H,Y505H,Y505H,Y505H,Y505H,Y505H,Y505H,Y505H,Y505H,Y505H,Y505H,Y505H,Y505H,Y505H,Y505H,Y505H,Y505H,Y505H,Y505H,Y505H,Y505H,Y505H,Y505H,Y505H,Y505H,Y505H,Y505H,Y505H,Y505H,Y505H,Y505H,Y505H,Y505H
,A570D,,A570D,,,,,,,,,,,,,,,,,,,,,,,,,,,,,,,,,,,,,,,,,,,,,,,,,,,,,,
,,,,,,,,,,,,,,,,,,,T547K,T547K,T547K,T547K,T547K,T547K,T547K,T547K,,,,,,,,,,,,,,,,,,,,,,,,,,,,,,,
D614G,D614G,D614G,D614G,D614G,D614G,D614G,D614G,D614G,D614G,D614G,D614G,D614G,D614G,D614G,D614G,D614G,D614G,D614G,D614G,D614G,D614G,D614G,D614G,D614G,D614G,D614G,D614G,D614G,D614G,D614G,D614G,D614G,D614G,D614G,D614G,D614G,D614G,D614G,D614G,D614G,D614G,D614G,D614G,D614G,D614G,D614G,D614G,D614G,D614G,D614G,D614G,D614G,D614G,D614G,D614G,D614G,
,,,,,H655Y,,,,,,,,,,,,,,H655Y,H655Y,H655Y,H655Y,H655Y,H655Y,H655Y,H655Y,H655Y,H655Y,H655Y,H655Y,H655Y,H655Y,H655Y,H655Y,H655Y,H655Y,H655Y,H655Y,H655Y,H655Y,H655Y,H655Y,H655Y,H655Y,H655Y,H655Y,H655Y,H655Y,H655Y,H655Y,H655Y,H655Y,H655Y,H655Y,H655Y,H655Y,H655Y
,,,,,,,,,,,,,,,,,,,N679K,N679K,N679K,N679K,N679K,N679K,N679K,N679K,N679K,N679K,N679K,N679K,N679K,N679K,N679K,N679K,N679K,N679K,N679K,N679K,N679K,N679K,N679K,N679K,N679K,N679K,N679K,N679K,N679K,N679K,N679K,N679K,N679K,N679K,N679K,N679K,N679K,N679K,N679K
,P681H,,P681H,,,,,,P681R,P681R,P681R,P681R,P681R,P681R,P681R,P681R,P681R,P681R,P681H,P681H,P681H,P681H,P681H,P681H,P681H,P681H,P681H,P681H,P681H,P681H,P681H,P681H,P681H,P681H,P681H,P681H,P681H,P681H,P681H,P681H,P681H,P681H,P681H,P681H,P681H,P681H,P681H,P681H,P681H,P681H,P681H,P681H,P681H,P681H,P681H,P681H,P681H
,,,,A701V,,,,,,,,,,,,,,,,,,,,,,,,,,,,,,,,,,,,,,,,,,,,,,,,,,,,,
,T716I,,T716I,,,,,,,,,,,,,,,,,,,,,,,,,,,,,,,,,,,,,,,,,,,,,,,,,,,,,,
,,,,,,,,,,,,,,,,,,,,,,,,,,,,,,,S704L,S704L,,,,,,,,,,,,,,,,,,,,,,,,,
,,,,,,,,,,,,,,,,,,,N764K,N764K,N764K,N764K,N764K,N764K,N764K,N764K,N764K,N764K,N764K,N764K,N764K,N764K,N764K,N764K,N764K,N764K,N764K,N764K,N764K,N764K,N764K,N764K,N764K,N764K,N764K,N764K,N764K,N764K,N764K,N764K,N764K,N764K,N764K,N764K,N764K,N764K,N764K
,,,,,,,,,,,,,,,,,,,D796Y,D796Y,D796Y,D796Y,D796Y,D796Y,D796Y,D796Y,D796Y,D796Y,D796Y,D796Y,D796Y,D796Y,D796Y,D796Y,D796Y,D796Y,D796Y,D796Y,D796Y,D796Y,D796Y,D796Y,D796Y,D796Y,D796Y,D796Y,D796Y,D796Y,D796Y,D796Y,D796Y,D796Y,D796Y,D796Y,D796Y,D796Y,D796Y
,,,,,,,,,,,,,,,,,,,,,,,P809S,,,,,,,,,,,,,,,,,,,,,,,,,,,,,,,,,,
,,,,,,,,,,,,,,,,,,I850L,,,,,,,,,,,,,,,,,,,,,,,,,,,,,,,,,,,,,,,
T859N,,,,,,,,,,,,,,,,,,,,,,,,,,,,,,,,,,,,,,,,,,,,,,,,,,,,,,,,,
,,,,,,,,,,,,,,,,,,,N856K,N856K,N856K,N856K,N856K,N856K,N856K,N856K,,,,,,,,,,,,,,,,,,,,,,,,,,,,,,,
,,,,,,,,,D950N,D950N,D950N,D950N,D950N,D950N,D950N,D950N,D950N,D950N,,,,,,,,,,,,,,,,,,,,,,,,,,,,,,,,,,,,,,,
,,,,,,,,,,,,,,,,,,,Q954H,Q954H,Q954H,Q954H,Q954H,Q954H,Q954H,Q954H,Q954H,Q954H,Q954H,Q954H,Q954H,Q954H,Q954H,Q954H,Q954H,Q954H,Q954H,Q954H,Q954H,Q954H,Q954H,Q954H,Q954H,Q954H,Q954H,Q954H,Q954H,Q954H,Q954H,Q954H,Q954H,Q954H,Q954H,Q954H,Q954H,Q954H,Q954H
,,,,,,,,,,,,,,,,,,,N969K,N969K,N969K,N969K,N969K,N969K,N969K,N969K,N969K,N969K,N969K,N969K,N969K,N969K,N969K,N969K,N969K,N969K,N969K,N969K,N969K,N969K,N969K,N969K,N969K,N969K,N969K,N969K,N969K,N969K,N969K,N969K,N969K,N969K,N969K,N969K,N969K,N969K,N969K
,S982A,,S982A,,,,,,,,,,,,,,,,,,,,,,,,,,,,,,,,,,,,,,,,,,,,,,,,,,,,,,
,,,,,,,,,,,,,,,,,,,L981F,L981F,L981F,L981F,L981F,L981F,L981F,L981F,,,,,,,,,,,,,,,,,,,,,,,,,,,,,,,
,,,,,,,,,,,,,,,,,,,,,,,,,,,,,,,,,,,,,,,,,,,,,,,,,,,,,,,,,A1020S
,,,,,T1027I,,,,,,,,,,,,,,,,,,,,,,,,,,,,,,,,,,,,,,,,,,,,,,,,,,,,
,D1118H,,D1118H,,,,,,,,,,,,,,,,,,,,,,,,,,,,,,,,,,,,,,,,,,,,,,,,,,,,,,
,,,,,V1176F,,,,,,,,,,,,,,,,,,,,,,,,,,,,,,,,,,,,,,,,,,,,,,,,,,,,
